번호,제품명,가격,평점,평가수,찜
1,로지텍 로지텍G G304 LIGHTSPEED WIRELESS,37990,4.85,17000,1113
2,로지텍 LIFT 무선 마우스,69510,4.86,18000,1055
3,로지텍 M331 무소음,22400,4.87,18000,419
4,로지텍 MX MASTER 3S,110430,4.85,14000,842
5,로지텍 로지텍G PRO X SUPERLIGHT 2 게이밍 마우스,179100,4.92,4058,1782
6,로지텍 시그니처 M650,37490,4.84,7973,294
7,로지텍 MX Anywhere 3S,83890,4.88,2793,220
8,로지텍 페블 M350 마우스,19270,4.86,15000,680
9,로지텍 로지텍G G703 HERO WIRELESS,69980,4.84,1457,174
10,RAZER 데스에더 V3 프로,143700,4.91,1000,171
11,RAZER DeathAdder V2 Pro,69880,4.88,2203,352
12,로지텍 M720 Triathlon,36700,4.84,2464,302
13,아이리버 EQWEAR-MVM7,24750,4.81,1540,158
14,로지텍 M240 Silent bluetooth,17350,4.85,2288,230
15,로지텍 MX VERTICAL,96660,4.83,4625,289
16,로지텍 로지텍G PRO WIRELESS,82080,4.84,1358,116
17,로지텍 M170 Wireless Mouse,8600,4.81,5110,210
18,로지텍 PEBBLE M350S,24710,4.87,1781,80
19,로지텍 로지텍G G502 X PLUS,158900,4.87,2254,169
20,RAZER 오로치 v2,57500,4.84,1269,89
21,한성컴퓨터 BM100 듀얼 무선 무소음마우스,15210,4.83,4968,202
22,DAREU A950 유무선 게이밍마우스,44910,4.89,1718,45
23,샤오미 Mi 듀얼 모드 무소음 무선 마우스,14800,4.8,1749,33
24,Apple 매직 마우스 2 실버 (MK2E3KH/A),80100,4.89,1010,56
25,RAZER Viper V2 PRO,124520,4.94,1040,83
26,로지텍 로지텍G G502 X LIGHTSPEED,116090,4.87,1724,130
27,로지텍 MX MASTER 3S FOR MAC,119100,4.81,1050,110
28,삼성전자 삼성 SPA-KMA4PRB 무소음 무선 마우스,17890,4.8,2923,59
29,로지텍무선마우스 G304 LIGHTSPEED 무선게이밍마우스 롤 배그 스타 PC 병행,43000,4.87,11000,595
30,로지텍 로지텍G PRO X SUPERLIGHT,123430,4.89,4447,342
31,[정품2년보증] 로지텍 지슈라2 지프로 슈퍼라이트2 2세대 GPROXSUPERLIGHT2,199000,4.95,2092,1285
32,로지텍코리아 로지텍 MX Master 3S 무선마우스,139000,4.87,6062,2842
33,로지텍코리아 버티컬 마우스 LIFT,79000,4.88,11000,4564
34,TOGRAN DAREU A950G 1K,45000,4.93,2601,40
35,로지텍 M185 Wireless Mouse,9230,4.8,1138,27
36,로지텍G G304 LIGHTSPEED 무선 마우스 블랙 병행 밀봉박스상품,41490,4.88,1253,112
37,로지텍코리아 로지텍G G304 LIGHTSPEED 게이밍마우스 2년보증 (블랙 /화이트/라일락/블루/민트),59900,4.89,8582,1318
38,로지텍코리아 로지텍 MX ANYWHERE 3S 무소음 무선마우스,99900,4.86,1606,990
39,로지텍코리아 로지텍 G PRO X SUPERLIGHT 2 무선 게이밍 마우스,199000,4.92,1369,1332
40,로지텍 M331 무선 USB 저소음 마우스 / 정품박스 / 병행수입정품,22400,4.87,11000,172
41,로지텍 M221 무소음,15690,4.83,6352,148
42,다얼유 A950G 1K 유 무선 게이밍마우스 초경량,45000,4.93,2660,765
43,로지텍코리아 M650 SIGNATURE 블루투스 멀티 마우스 (BOLT 수신기포함),44900,4.88,2686,872
44,로지텍코리아 로지텍 M331 무소음 무선마우스 (블랙/그레이/레드),24900,4.89,4938,558
45,로지텍 M280 Wireless Mouse,17550,4.81,1167,50
46,[국내정품] 로지텍 리프트 버티컬 무소음 무선 마우스 인체공학 사무용 노트북 아이패드 맥북 태블릿,79000,4.88,10000,1687
47,로지텍코리아 로지텍 MX VERTICAL 버티컬 무선마우스,129000,4.84,2405,1095
48,삼성전자 삼성 SM-B1500QG,19790,4.84,1302,53
49,로지텍G G304 무선게이밍마우스 맥북 맥 그램 노트북 갤럭시탭 서든 롤 배그 병행 +패드,41900,4.88,1819,645
50,[로지텍코리아] M331 무소음 무선 마우스,24900,4.85,17000,187
51,무선마우스 로지텍정품 페블 M350 무소음 마우스 블루투스마우스 아이패드 맥 노트북 병행,21500,4.86,11000,552
52,로지텍코리아 로지텍G G502 X PLUS 무선 게이밍 마우스,229000,4.89,1219,465
53,다얼유 A950 유무선 게이밍마우스 충전독 세트,46000,4.89,1566,414
54,다얼유 A950G 4K 유무선 게이밍마우스 초경량,55000,4.92,2713,891
55,로지텍 MX ANYWHERE 3,82590,4.85,3949,165
56,로지텍 무선마우스 M170 병행,8600,4.81,1254,38
57,웨이코스 씽크웨이 X VGN F1 PRO,79110,4.91,1168,24
58,마이크로소프트 Microsoft 모던 모바일 마우스,35000,4.82,3361,81
59,로이체 RX-700TR,19710,4.82,5098,92
60,제닉스크리에이티브 STORMX WM1 게이밍 마우스,9900,4.81,1409,13
61,삼성 무소음 블루투스 무선 마우스 SM-B1500Q 노트북 갤럭시탭 저소음,19800,4.85,1047,303
